,Muni,Eviction Numbers,Total Households,Renter Occupied Pct,Renter Occupied,Evictions per Rented Households
0,Worcester,3743,71595,58.7,42026,0.08906391281587589
1,Springfield,2983,56358,53.4,30095,0.0991194550589799
2,Fall River,2355,38456,63.7,24496,0.09613814500326584
3,New Bedford,2282,38888,59.8,23255,0.09812943453020856
4,Lowell,1741,39421,57.7,22745,0.07654429544954935
5,Brockton,1507,31817,45.0,14317,0.10525948173500035
6,Boston,1392,269522,65.0,175189,0.007945704353583844
7,Lynn,1205,32599,55.1,17962,0.06708607059347511
8,Lawrence,1194,25959,69.0,17911,0.06666294455920943
9,Framingham,1154,28222,46.1,13010,0.08870099923136049
10,Quincy,870,41187,53.8,22158,0.03926347143243975
11,Pittsfield,852,19318,38.2,7379,0.11546279983737634
12,Fitchburg,777,14965,46.5,6958,0.11167002012072434
13,Haverhill,757,24256,42.9,10405,0.0727534839019702
14,Revere,691,19223,50.1,9630,0.07175493250259606
15,Holyoke,681,15278,59.3,9059,0.07517386024947566
16,Chicopee,632,23090,41.4,9559,0.06611570247933884
17,Cambridge,627,46835,65.2,30536,0.02053314121037464
18,Taunton,611,22359,37.6,8406,0.07268617654056626
19,Randolph,584,11832,32.1,3798,0.15376513954713006
20,Marlborough,540,15730,41.8,6575,0.08212927756653993
21,Malden,529,23025,59.0,13584,0.038942873969375735
22,Chelsea,487,13268,74.1,9831,0.04953717831349812
23,Salem,429,18437,48.5,8941,0.0479812101554636
24,Somerville,413,32802,66.4,21780,0.0189623507805326
25,Leominster,397,16830,42.2,7102,0.05589974655026753
26,Everett,397,16021,61.4,9836,0.04036193574623831
27,Peabody,396,21713,34.2,7425,0.05333333333333334
28,Braintree,366,14016,27.0,3784,0.096723044397463
29,Waltham,329,23690,48.3,11442,0.028753714385596922
30,Norwood,328,11971,42.5,5087,0.06447808138391979
31,Gardner,318,8228,48.0,3949,0.08052671562420866
32,Attleboro,312,17632,31.0,5465,0.057090576395242454
33,North Adams,293,5568,42.6,2371,0.12357654997891185
34,Southbridge,292,6813,55.8,3801,0.07682188897658511
35,Methuen,290,17907,28.2,5049,0.057437116260645675
36,Medford,266,22917,43.8,10037,0.026501942811597092
37,Plymouth,265,23345,20.3,4739,0.05591897024688753
38,Stoughton,254,10900,28.2,3073,0.08265538561666125
39,Milford,241,11046,31.0,3424,0.07038551401869159
40,Beverly,238,16443,39.5,6494,0.03664921465968586
41,Webster,228,6946,45.4,3153,0.07231208372978117
42,Bridgewater,226,8133,28.4,2309,0.0978778692074491
43,West Springfield,221,12605,41.2,5193,0.04255728865780859
44,Weymouth,210,23723,33.0,7828,0.02682677567705672
45,Rockland,209,6959,25.0,1739,0.12018401380103508
46,Woburn,207,15935,38.7,6166,0.03357119688614985
47,Greenfield,199,8063,43.7,3523,0.056485949474879366
48,Westfield,189,15271,32.9,5024,0.037619426751592355
49,Athol,172,4639,28.0,1298,0.1325115562403698
50,Mansfield,163,8650,27.5,2378,0.06854499579478554
51,North Andover,150,11112,28.6,3178,0.04719949653870359
52,Tewksbury,150,11822,14.7,1737,0.08635578583765112
53,Westborough,149,7069,37.0,2615,0.056978967495219884
54,Saugus,149,10424,19.4,2022,0.07368941641938674
55,Danvers,144,10689,28.7,3067,0.046951418324095204
56,Gloucester,138,13110,36.0,4719,0.029243483788938335
57,Canton,138,9064,23.6,2139,0.06451612903225806
58,Franklin,130,11941,19.3,2304,0.05642361111111111
59,Brookline,130,24436,51.1,12486,0.010411661060387635
60,Dracut,125,11501,21.4,2461,0.05079236082893133
61,Shrewsbury,124,13561,26.5,3593,0.03451155023657111
62,Whitman,113,5466,29.5,1612,0.07009925558312655
63,Winthrop,111,7831,44.1,3453,0.03214596003475239
64,Adams,111,3749,39.6,1484,0.0747978436657682
65,Abington,109,6396,26.7,1707,0.0638547158758055
66,Chelmsford,105,13564,15.7,2129,0.04931892907468295
67,Wareham,104,9497,27.4,2602,0.03996925441967717
68,Ware,103,4351,33.0,1435,0.07177700348432056
69,Spencer,102,4883,29.4,1435,0.0710801393728223
70,Billerica,102,14935,19.7,2942,0.03467029231815092
71,Andover,101,12801,18.7,2393,0.042206435436690344
72,Marshfield,100,9649,18.6,1794,0.055741360089186176
73,Clinton,98,5594,46.7,2612,0.03751914241960184
74,Mashpee,96,6360,13.4,852,0.11267605633802817
75,Oxford,95,5200,26.9,1398,0.06795422031473533
76,Orange,90,3102,30.5,946,0.09513742071881606
77,Amherst,86,9162,53.1,4865,0.017677286742034944
78,Ashland,85,6796,17.4,1182,0.07191201353637902
79,Amesbury,85,7215,29.8,2150,0.03953488372093023
80,Dedham,85,10035,27.9,2799,0.03036798856734548
81,Holbrook,84,4174,18.6,776,0.10824742268041238
82,Hull,82,4765,28.3,1348,0.06083086053412463
83,Arlington,81,19065,42.0,8007,0.010116148370176097
84,Winchendon,80,3781,28.2,1066,0.075046904315197
85,Watertown,80,15620,48.2,7528,0.010626992561105207
86,Northampton,80,11292,44.5,5024,0.01592356687898089
87,Wakefield,78,10723,25.5,2734,0.02852962692026335
88,Bellingham,76,6526,18.2,1187,0.06402695871946082
89,Belchertown,76,5563,18.6,1034,0.0735009671179884
90,Natick,75,14537,31.1,4521,0.0165892501658925
91,Norton,73,6570,14.8,972,0.07510288065843622
92,Hudson,70,7877,27.5,2166,0.032317636195752536
93,Lunenburg,70,4310,16.2,698,0.10028653295128939
94,Fairhaven,70,6392,24.4,1559,0.04490057729313662
95,Ludlow,70,7925,27.1,2147,0.032603632976245925
96,Seekonk,68,6052,16.2,980,0.06938775510204082
97,Needham,67,10801,16.1,1738,0.03855005753739931
98,Stoneham,67,9666,34.6,3344,0.020035885167464115
99,Walpole,67,8746,18.1,1583,0.04232469993682881
100,Northborough,64,5399,19.2,1036,0.06177606177606178
101,Salisbury,64,3891,18.4,715,0.08951048951048951
102,Burlington,62,10001,26.4,2640,0.023484848484848483
103,Raynham,62,5225,19.0,992,0.0625
104,Melrose,62,11329,34.2,3874,0.01600413009808983
105,Millbury,62,5275,26.7,1408,0.04403409090909091
106,Ayer,60,3552,36.8,1307,0.045906656465187455
107,Falmouth,59,13821,22.1,3054,0.019318925998690242
108,Palmer,58,4884,28.3,1382,0.041968162083936326
109,Westwood,57,5532,14.9,824,0.0691747572815534
110,Easthampton,56,7209,39.1,2818,0.0198722498225692
111,Agawam,55,11829,24.2,2862,0.019217330538085255
112,South Hadley,55,6616,27.3,1806,0.03045404208194906
113,Hingham,49,8873,19.1,1694,0.028925619834710745
114,Bedford,48,5312,26.1,1386,0.03463203463203463
115,Lakeville,47,4083,15.1,616,0.0762987012987013
116,Auburn,47,6672,15.1,1007,0.04667328699106256
117,Newburyport,47,7836,22.8,1786,0.02631578947368421
118,Belmont,46,9819,35.5,3485,0.013199426111908177
119,Hanover,46,4913,11.9,584,0.07876712328767123
120,Hopkinton,46,6304,17.0,1071,0.04295051353874883
121,Carver,45,4489,8.8,395,0.11392405063291139
122,Pembroke,45,6563,15.2,997,0.04513540621865597
123,Swampscott,45,5780,22.9,1323,0.034013605442176874
124,Westport,44,6525,17.2,1122,0.0392156862745098
125,Wilmington,44,7957,14.2,1129,0.03897254207263064
126,Dudley,44,3905,32.2,1257,0.035003977724741446
127,Marblehead,43,8122,22.2,1803,0.02384914032168608
128,Sudbury,43,6386,8.4,536,0.08022388059701492
129,Pepperell,42,4444,20.2,897,0.046822742474916385
130,Medfield,41,4245,13.1,556,0.0737410071942446
131,Nantucket,41,3713,29.5,1095,0.03744292237442922
132,Westford,40,8571,13.8,1182,0.0338409475465313
133,Uxbridge,40,5024,19.6,984,0.04065040650406504
134,Ipswich,39,5761,28.3,1630,0.02392638036809816
135,Lexington,38,11811,18.3,2161,0.017584451642757983
136,Kingston,38,4949,18.2,900,0.042222222222222223
137,Plainville,37,3666,28.8,1055,0.035071090047393366
138,Acton,37,8795,25.8,2269,0.01630674305861613
139,Duxbury,37,5714,11.3,645,0.05736434108527132
140,Milton,36,8875,15.7,1393,0.025843503230437905
141,Somerset,36,6956,20.0,1391,0.025880661394680086
142,Northbridge,34,6166,36.4,2244,0.015151515151515152
143,Reading,34,9191,15.9,1461,0.02327173169062286
144,Newton,34,30657,28.0,8583,0.003961318886170337
145,Charlton,34,5064,20.9,1058,0.03213610586011342
146,Swansea,33,6361,11.8,750,0.044
147,Sharon,33,6344,11.6,735,0.044897959183673466
148,Scituate,33,7234,12.8,925,0.03567567567567568
149,Holden,33,7046,11.1,782,0.04219948849104859
150,Shirley,32,2449,27.1,663,0.048265460030165915
151,Maynard,31,4262,21.2,903,0.03433001107419712
152,North Reading,30,5543,12.3,681,0.04405286343612335
153,Bourne,30,8611,27.6,2376,0.012626262626262626
154,Harwich,29,5433,15.3,831,0.03489771359807461
155,Cohasset,28,3087,22.5,694,0.040345821325648415
156,Millis,28,3161,17.7,559,0.05008944543828265
157,Wrentham,28,4258,15.1,642,0.04361370716510903
158,Brewster,27,4198,15.5,650,0.04153846153846154
159,Townsend,27,3520,13.8,485,0.05567010309278351
160,Great Barrington,27,2813,31.9,897,0.030100334448160536
161,East Bridgewater,27,4828,19.1,922,0.02928416485900217
162,Blackstone,26,3526,22.3,786,0.03307888040712468
163,Sandwich,26,7818,9.1,711,0.03656821378340366
164,Leicester,25,4070,22.9,932,0.02682403433476395
165,Hanson,23,3907,8.9,347,0.06628242074927954
166,West Boylston,23,2336,17.3,404,0.05693069306930693
167,Eastham,23,2396,9.3,222,0.1036036036036036
168,Lynnfield,23,4590,14.9,683,0.03367496339677892
169,Warren,22,1859,22.2,412,0.05339805825242718
170,Medway,22,4735,10.1,478,0.04602510460251046
171,Marion,21,1942,19.7,382,0.0549738219895288
172,East Longmeadow,21,5958,17.4,1036,0.02027027027027027
173,Concord,21,6635,25.0,1658,0.012665862484921592
174,North Brookfield,21,1841,26.9,495,0.04242424242424243
175,Dartmouth,21,11563,21.4,2474,0.008488278092158448
176,Provincetown,21,1702,21.4,364,0.057692307692307696
177,Sturbridge,20,3619,18.7,676,0.029585798816568046
178,Southwick,20,3804,18.7,711,0.02812939521800281
179,Wellesley,20,8449,19.1,1613,0.012399256044637322
180,Holliston,20,5270,8.6,453,0.04415011037527594
181,Rehoboth,20,4160,9.5,395,0.05063291139240506
